step,speed_kmh,lateral_offset_m,min_barrier,intervened
0,0.00400016010062999,-0.0001952468073298519,1.44980475319267,0
1,0.006163765407316456,-0.0002521273543933944,1.4497478726456066,0
2,0.0,-0.0002521273543933944,1.4497478726456066,0
3,0.3917782966373346,6.340707903973453e-05,1.4499365929209602,0
4,0.939558791356934,0.001275363994651002,1.448724636005349,0
5,1.6217191047823158,0.00388783057662323,1.4461121694233767,0
6,2.4150377515108143,0.00845967746060694,1.441540322539393,0
7,3.2970900465279,0.015556345242387692,1.4344436547576123,0
8,4.2490774049237325,0.025750014065167193,1.4242499859348328,0
9,5.25602087614179,0.039634777555868084,1.4103652224441319,0
10,6.304810448884755,0.05788742336399366,1.3921125766360063,0
11,7.385556073650247,0.08126890472205162,1.3687310952779483,0
12,8.490530912423635,0.11062417622758858,1.3393758237724114,0
13,9.613734218786698,0.14690598515793596,1.303094014842064,1
14,10.745675919070138,0.1898101527237941,1.2601898472762059,1
15,11.937690819402652,0.2355647831371641,1.2144352168628358,1
16,13.082918501060462,0.2841453989380369,1.165854601061963,1
17,14.20108299664223,0.334944733568193,1.115055266431807,1
18,15.429338284986782,0.38589830376932355,1.0641016962306764,1
19,16.794605572221943,0.43877341717304574,1.0112265828269542,1
20,18.303995578076467,0.4948598677510603,0.9551401322489397,1
21,19.62669051123063,0.5543650291967808,0.8956349708032192,1
22,21.15006126976786,0.6173590580381259,0.8326409419618741,1
23,22.769641103760737,0.6846507166821354,0.7653492833178646,1
24,24.505726699035108,0.756825305905025,0.693174694094975,1
25,26.349196114712775,0.8343210862506893,0.6156789137493106,1
26,28.238003820122316,0.9172725481285013,0.5327274518714986,1
27,30.13953242089091,1.0046252044678283,0.44537479553217163,1
28,32.05244358967762,1.0966206121999207,0.35337938780007927,1
29,33.976216423802406,1.1926115013517276,0.2573884986482724,1
