episode,steps,reward,distance_m,mean_speed_kmh,min_barrier,violation_steps,interventions,intervention_rate,collisions,terminations
0,199,42.9046,56.3,15.191,-0.5279,3,0,0.0,0,1
1,15161,0.0138,0.01,0.0,1.4475,0,0,0.0,0,0
0,199,41.4306,55.5,14.977,-0.3897,3,0,0.0,0,1
1,63,-7.8254,3.36,12.054,1.3952,0,0,0.0,0,1
2,50,-7.7026,4.14,10.83,1.321,0,0,0.0,0,1
3,151,15.4241,23.65,10.035,-0.503,7,0,0.0,0,1
4,119,21.8455,19.88,9.808,-1.0548,7,0,0.0,0,1
5,100,3.2874,9.81,9.141,-0.5143,6,0,0.0,0,1
6,49,-8.1999,3.53,8.784,1.3343,0,0,0.0,0,1
7,102,11.894,13.57,8.578,-0.339,3,0,0.0,0,1
8,155,6.3222,15.92,8.097,-0.5424,15,0,0.0,0,1
9,1,-10.0,0.03,8.09,-18.6633,1,0,0.0,0,1
10,117,18.5879,20.19,8.212,-0.4245,4,0,0.0,0,1
11,55,-7.9524,3.33,7.975,1.3148,0,0,0.0,0,1
12,106,13.5197,19.09,8.111,-0.5309,7,0,0.0,0,1
13,53,-7.9795,3.33,7.92,1.3674,0,0,0.0,0,1
14,52,-7.9619,3.33,7.748,1.2942,0,0,0.0,0,1
15,72,-7.6266,3.43,7.488,1.324,0,0,0.0,0,1
16,41,-8.1707,3.18,7.393,1.2342,0,0,0.0,0,1
17,165,58.3624,43.33,8.063,-3.1408,16,0,0.0,0,1
18,70,-7.7239,3.27,7.835,1.4135,0,0,0.0,0,1
19,1,-10.0,0.01,7.83,-18.6687,1,0,0.0,0,1
20,69,-7.8546,3.25,7.624,1.3162,0,0,0.0,0,1
21,121,24.6843,22.36,7.768,-0.5457,6,0,0.0,0,1
22,101,20.9666,26.59,8.128,-0.5349,4,0,0.0,0,1
23,56,-7.2799,3.59,8.113,1.346,0,0,0.0,0,1
24,66,-7.2403,4.43,7.814,1.2651,0,0,0.0,0,1
25,162,14.5026,34.03,7.627,-0.3553,2,0,0.0,0,1
26,54,-8.4464,2.22,7.599,1.1961,0,0,0.0,0,1
27,132,20.8188,25.46,7.666,-0.5311,8,0,0.0,0,1
28,127,38.4496,31.27,7.956,-0.5271,3,0,0.0,0,1
29,47,-7.4933,4.36,7.948,1.3235,0,0,0.0,0,1
30,139,18.8133,23.34,8.24,-0.4991,6,0,0.0,0,1
31,148,23.0567,26.51,8.499,-0.4876,5,0,0.0,0,1
32,135,24.4843,19.81,8.5,-0.4333,5,0,0.0,0,1
33,86,16.958,20.61,8.735,-0.4523,4,0,0.0,0,1
34,120,11.5507,25.13,8.889,-0.5192,16,0,0.0,0,1
35,77,-7.6069,3.34,8.842,1.3612,0,0,0.0,0,1
36,49,-7.9988,3.22,8.874,1.2566,0,0,0.0,0,1
37,161,17.4073,41.55,9.587,-0.2266,11,0,0.0,0,1
38,1,-10.0,0.03,9.581,-18.6633,1,0,0.0,0,1
39,44,-7.7882,3.54,9.232,1.3966,0,0,0.0,0,1
40,118,30.113,25.65,9.362,-0.4022,3,0,0.0,0,1
41,117,3.947,9.31,9.375,-0.4696,5,0,0.0,0,1
42,59,-7.8691,3.44,9.028,1.3724,0,0,0.0,0,1
43,112,27.8686,19.95,8.841,-0.4913,3,0,0.0,0,1
44,71,-7.471,3.87,8.844,1.3789,0,0,0.0,0,1
45,135,15.6224,18.75,8.962,-0.5354,6,0,0.0,0,1
46,91,12.9055,10.45,8.598,0.9161,0,0,0.0,1,1
47,30,-8.829,1.01,8.574,1.4245,0,0,0.0,0,1
48,125,11.449,14.94,8.375,-0.4879,8,0,0.0,0,1
49,145,30.5285,29.13,8.228,-0.5084,6,0,0.0,0,1
50,41,-7.6294,3.91,8.218,1.3466,0,0,0.0,0,1
51,146,20.6637,25.33,8.267,-0.5124,9,0,0.0,0,1
52,111,22.766,20.76,8.344,-0.5388,6,0,0.0,0,1
53,98,5.0404,11.98,8.286,-0.5398,9,0,0.0,0,1
54,352,91.5542,137.25,8.284,-0.4678,3,0,0.0,0,1
55,162,43.0229,26.59,8.337,1.1396,0,0,0.0,0,1
56,103,3.5367,11.41,8.01,-0.5238,11,0,0.0,0,1
57,92,-0.6004,10.47,7.745,-0.5295,11,0,0.0,0,1
58,149,21.7886,19.26,7.871,-0.481,4,0,0.0,0,1
59,71,-7.8391,3.44,7.828,1.3791,0,0,0.0,0,1
60,143,15.7373,18.36,7.749,-0.5145,8,0,0.0,0,1
61,70,0.2804,8.64,7.883,-0.5311,6,0,0.0,0,1
62,53,-7.6127,4.04,7.731,1.3081,0,0,0.0,0,1
63,110,19.3886,20.6,7.839,-0.5343,7,0,0.0,0,1
64,144,22.5103,26.34,8.19,-0.4788,8,0,0.0,0,1
65,1,-10.0,0.0,8.184,-2.05,1,0,0.0,0,1
66,49,-7.5174,3.65,8.176,1.2251,0,0,0.0,0,1
67,85,4.662,10.65,7.945,-0.5036,5,0,0.0,0,1
68,103,8.3009,14.54,7.941,-0.487,6,0,0.0,0,1
69,70,-7.4096,3.63,7.733,1.3691,0,0,0.0,0,1
70,55,-7.8061,3.83,7.513,1.3289,0,0,0.0,0,1
71,49,-7.9981,3.47,7.401,1.3867,0,0,0.0,0,1
72,136,22.4664,22.39,7.366,-0.5211,9,0,0.0,0,1
73,118,6.6912,14.63,7.287,-0.5203,15,0,0.0,0,1
74,124,15.1452,19.59,7.203,-0.5493,13,0,0.0,0,1
75,50,-7.3872,3.87,7.089,1.4132,0,0,0.0,0,1
76,89,8.3855,12.23,6.997,0.1343,0,0,0.0,1,1
77,138,16.9706,24.92,6.957,-0.5393,14,0,0.0,0,1
78,97,29.446,21.1,7.241,-0.4177,3,0,0.0,0,1
79,155,35.0643,32.43,7.733,-0.472,6,0,0.0,0,1
80,142,13.7453,21.82,7.834,-0.5156,13,0,0.0,0,1
81,122,20.9037,22.13,8.159,-0.5493,11,0,0.0,0,1
82,1,-10.0,0.0,8.153,-2.0522,1,0,0.0,0,1
83,98,10.9083,14.67,8.109,-0.5437,5,0,0.0,0,1
84,57,-8.0091,3.2,8.053,1.3506,0,0,0.0,0,1
85,159,29.6777,30.13,8.225,-0.4933,10,0,0.0,0,1
86,46,-7.8305,3.55,8.09,1.1397,0,0,0.0,0,1
87,107,12.9526,18.83,8.077,-0.4966,9,0,0.0,0,1
88,176,57.0757,41.13,8.597,-0.4527,4,0,0.0,0,1
89,35,-8.0534,3.37,8.591,1.431,0,0,0.0,0,1
90,114,14.619,15.56,8.814,-0.5246,5,0,0.0,0,1
91,137,7.9988,17.32,8.855,-0.52,16,0,0.0,0,1
92,114,14.6144,16.21,8.86,-0.5209,6,0,0.0,0,1
93,98,6.6149,11.21,8.821,-0.3842,3,0,0.0,0,1
94,81,-8.0103,2.75,8.474,1.4291,0,0,0.0,0,1
95,183,60.9121,49.49,9.194,-0.4809,3,0,0.0,0,1
96,1,-10.0,0.01,9.189,-20.9262,1,0,0.0,0,1
97,55,-7.7147,3.65,8.963,1.3522,0,0,0.0,0,1
98,129,16.0646,18.21,8.727,-0.5474,9,0,0.0,0,1
99,62,-7.8994,3.68,8.646,1.2824,0,0,0.0,0,1
100,25,-8.8191,1.03,8.519,1.4328,0,0,0.0,0,1
101,135,5.5928,16.75,8.218,-0.5242,15,0,0.0,0,1
102,52,-7.9311,3.55,8.017,1.357,0,0,0.0,0,1
103,68,-7.507,3.81,7.951,1.2789,0,0,0.0,0,1
104,1,-10.0,0.0,7.946,-2.0522,1,0,0.0,0,1
105,1,-10.0,0.0,7.941,-2.0522,1,0,0.0,0,1
106,217,34.0435,45.89,8.213,-0.3768,3,0,0.0,0,1
107,62,-8.0003,3.75,8.217,1.2297,0,0,0.0,0,1
108,55,-7.7838,4.04,8.027,1.3563,0,0,0.0,0,1
109,155,11.4487,29.21,8.074,-0.4261,22,0,0.0,0,1
110,45,-8.1023,3.32,7.873,1.3868,0,0,0.0,0,1
111,1,-10.0,0.0,7.872,-2.0522,1,0,0.0,0,1
112,112,23.8508,19.71,7.935,-0.4778,3,0,0.0,0,1
113,120,10.6224,16.69,7.646,-0.5273,10,0,0.0,0,1
114,168,33.1184,31.64,7.942,-0.4538,3,0,0.0,0,1
115,157,29.0423,23.64,7.941,-0.472,7,0,0.0,0,1
116,45,-7.8519,3.66,7.903,1.3788,0,0,0.0,0,1
117,57,-7.7766,3.61,7.813,1.3578,0,0,0.0,0,1
118,159,38.1506,35.82,8.474,-0.4792,3,0,0.0,0,1
119,54,-7.4066,4.12,8.171,1.4187,0,0,0.0,0,1
120,52,-7.82,3.55,7.644,1.3432,0,0,0.0,0,1
121,54,-8.2629,3.38,7.528,1.1602,0,0,0.0,0,1
122,116,15.4937,15.78,7.592,0.0204,0,0,0.0,1,1
123,87,8.6958,13.3,7.67,-0.499,6,0,0.0,0,1
124,182,28.5684,46.36,8.427,-0.5326,42,0,0.0,0,1
125,159,35.742,25.17,8.778,-0.4489,3,0,0.0,0,1
126,126,14.7042,20.92,8.621,-0.5001,13,0,0.0,0,1
127,123,39.6849,24.67,8.778,0.0502,0,0,0.0,0,0
